<?xml version="1.0" encoding="UTF-8"?>
<project-private xmlns="http://www.netbeans.org/ns/project-private/1">
    <open-files xmlns="http://www.netbeans.org/ns/projectui-open-files/2">
        <group>
            <file>file:/C:/Users/Usuario/Documents/GitHub/PlantasVsZombiesV2/PlantasVsZombiesV2/src/interfaz/Excepciones.java</file>
            <file>file:/C:/Users/Usuario/Documents/GitHub/PlantasVsZombiesV2/PlantasVsZombiesV2/src/interfaz/Registro.java</file>
            <file>file:/C:/Users/Usuario/Documents/GitHub/PlantasVsZombiesV2/PlantasVsZombiesV2/src/interfaz/Clasificacion.java</file>
            <file>file:/C:/Users/Usuario/Documents/GitHub/PlantasVsZombiesV2/PlantasVsZombiesV2/src/interfaz/JuegoI.java</file>
            <file>file:/C:/Users/Usuario/Documents/GitHub/PlantasVsZombiesV2/PlantasVsZombiesV2/src/interfaz/IniSesion.java</file>
            <file>file:/C:/Users/Usuario/Documents/GitHub/PlantasVsZombiesV2/PlantasVsZombiesV2/src/interfaz/MenuJuego.java</file>
            <file>file:/C:/Users/Usuario/Documents/GitHub/PlantasVsZombiesV2/PlantasVsZombiesV2/src/interfaz/MenuInicio.java</file>
            <file>file:/C:/Users/Usuario/Documents/GitHub/PlantasVsZombiesV2/PlantasVsZombiesV2/src/Juego/Juego.java</file>
        </group>
    </open-files>
</project-private>
